Stagione	Campionato	Campionato_sigla	Giornata	Data	CoT	Squadra	Numero	Avversario	Avversario_sigla	Risultato_finale	PoNo	Minuto_1	Risultato_parziale_1	Modo_1	Assist_1	Minuto_2	Risultato_parziale_2	Modo_2	Assist_2	Minuto_3	Risultato_parziale_3	Modo_3	Assist_3	Minuto_4	Risultato_parziale_4	Modo_4	Assist_4	N_goals
Stagione 08/09	Campionato Primavera Girone A	Primavera A	3	25/10/2008	C	Juventus Primavera		Torino Primavera	Torino U19	03:00		51'	02:00															1
Stagione 08/09	Campionato Primavera Girone A	Primavera A	5	08/11/2008	C	Juventus Primavera		Sampdoria Primavera	Sampdoria U19	01:00	P	39'	01:00															1
Stagione 08/09	Campionato Primavera Girone A	Primavera A	6	15/11/2008	C	Juventus Primavera		Genoa Primavera	Genoa U19	02:01	P	79'	02:01															1
Stagione 08/09	Campionato Primavera Girone A	Primavera A	7	22/11/2008	T	Juventus Primavera		Modena Primavera	Modena U19	01:02		75'	01:02															1
Stagione 08/09	Campionato Primavera Girone A	Primavera A	9	03/12/2008	T	Juventus Primavera		Parma Primavera	Parma U19	02:01	P	17'	01:01															1
Stagione 08/09	Campionato Primavera Girone A	Primavera A	10	06/12/2008	T	Juventus Primavera		AC Pisa Berretti	AC Pisa	00:02	P	90'+3	00:02															1
Stagione 08/09	Campionato Primavera Girone A	Primavera A	11	13/12/2008	C	Juventus Primavera		Grosseto Juniores	Grosseto U19	06:00	P	9'	01:00															1
Stagione 08/09	Campionato Primavera Girone A	Primavera A	13	10/01/2009	C	Juventus Primavera		Sassuolo Primavera	Sassuolo U19	01:01	P	65'	01:01															1
Stagione 08/09	Campionato Primavera Girone A	Primavera A	15	24/01/2009	C	Juventus Primavera		Bologna Primavera	Bologna U19	02:00		19'	01:00															1
Stagione 08/09	Viareggio Cup	Viareggio Cup	Semifinale	21/02/2009	T	Juventus Primavera		Torino Primavera	Torino U19	01:03		35'	00:01			75'	01:02											2
Stagione 08/09	Viareggio Cup	Viareggio Cup	Finale	23/02/2009	C	Juventus Primavera		Sampdoria Primavera	Sampdoria U19	04:01	P	38'	02:00		Salvatore D'Elia	90'+2	04:01	Azione personale										2
Stagione 08/09	Campionato Primavera Girone A	Primavera A	24	18/04/2009	T	Juventus Primavera		Grosseto Juniores	Grosseto U19	00:02	P	42'	00:01															1
Stagione 08/09	Campionato Primavera Girone A	Primavera A	25	25/04/2009	C	Juventus Primavera		AC Siena U19	Siena U19	03:00	P	85'	02:00															1
Stagione 08/09	Campionato Primavera Fase Finale	Primavera Fase Finale	Ottavi	16/05/2009	T	Juventus Primavera		Catania Primavera	Catania U19	02:04		78'	01:03			89'	02:04											2
Stagione 09/10	Campionato Primavera Girone A	Primavera A	2	19/09/2009	C	Juventus Primavera		AC Siena U19	Siena U19	03:03	P	66'	01:02			81'	02:03			90'+1	03:03	Rigore						3
Stagione 09/10	Campionato Primavera Girone A	Primavera A	3	10/10/2009	T	Juventus Primavera		Livorno Primavera	Livorno	01:04	P	30'	01:01	Rigore		52'	01:02			61'	01:04							3
Stagione 09/10	Campionato Primavera Girone A	Primavera A	8	14/11/2009	T	Juventus Primavera		Grosseto Juniores	Grosseto U19	01:04		16'	00:01															1
Stagione 09/10	Campionato Primavera Girone A	Primavera A	11	05/12/2009	T	Juventus Primavera		Empoli Primavera	Empoli U19	01:02	P	26'	00:01															1
Stagione 09/10	Campionato Primavera Girone A	Primavera A	12	12/12/2009	C	Juventus Primavera		Piacenza Primavera	Piacenza U19	03:00	P	33'	01:00			78'	02:00											2
Stagione 09/10	Campionato Primavera Girone A	Primavera A	7	20/01/2010	C	Juventus Primavera		Parma Primavera	Parma U19	03:01	P	68'	03:01	Rigore														1
Stagione 09/10	Viareggio Cup	Viareggio Cup	Fase a gironi	01/02/2010	C	Juventus Primavera		Legia Varsavia U19	Legia U19	03:00	P	1'	01:00	Colpo di testa	Simone Esposito	44'	02:00	Rigore										2
Stagione 09/10	Viareggio Cup	Viareggio Cup	Fase a gironi	03/02/2010	C	Juventus Primavera		Vicenza Primavera	Vicenza U19	04:00	P	30'	02:00															1
Stagione 09/10	Viareggio Cup	Viareggio Cup	Ottavi	09/02/2010	C	Juventus Primavera		Cesena Primavera	Cesena U19	03:01		40'	01:00			59'	02:01		72'	03:01	Rigore							3
Stagione 09/10	Viareggio Cup	Viareggio Cup	Semifinale	13/02/2010	C	Juventus Primavera		Atalanta Primavera	Atalanta U19	02:00	P	58'	02:00	Rigore														1
Stagione 09/10	Viareggio Cup	Viareggio Cup	Finale	15/02/2010	C	Juventus Primavera		Empoli Primavera	Empoli U19	04:02	P	19'	01:00	Rigore		52'	02:00		65'	04:00	Tap-in	Iago Falque						3
Stagione 09/10	Campionato Primavera Girone A	Primavera A	19	06/03/2010	C	Juventus Primavera		Torino Primavera	Torino U19	02:01	P	90'+2	02:01	Rigore														1
Stagione 09/10	Campionato Primavera Girone A	Primavera A	26	01/05/2010	C	Juventus Primavera		Fiorentina Primavera	Fiorentina U19	03:01	P	65'	03:01															1
Stagione 09/10	Campionato Primavera Fase Finale	Primavera Fase Finale	Ottavi	08/05/2010	T	Juventus Primavera	(11.)	Brescia Primavera	Brescia U19  (4.)	03:02	P	12'	00:01			68'	02:02	Colpo di testa										2
Stagione 10/11	Campionato Primavera Girone C	Primavera C	2	18/09/2010	C	AC Siena U19	(14.)	Ascoli Primavera	Ascoli U19  (2.)	04:02		35'	02:01															1
Stagione 10/11	Campionato Primavera Girone C	Primavera C	3	25/09/2010	C	AC Siena U19	(9.)	Pescara Primavera 	Pescara U19  (3.)	01:00		16'	01:00															1
Stagione 10/11	Coppa Italia	Coppa Italia	Turno 3	27/10/2010	T	AC Siena		US Lecce	Lecce	03:02		31'	00:01	Destro	Reginaldo													1
Stagione 10/11	Serie B	Serie B	16	20/11/2010	T	AC Siena	(2.)	Calcio Portogruaro-Summaga	Portosummaga  (20.)	01:04		90'	01:04	Sinistro	Marcelo Larrondo													1
Stagione 10/11	Serie B	Serie B	27	18/02/2011	C	US Grosseto FC	(12.)	Empoli FC 	Empoli  (7.)	02:01	P	31'	01:00	Colpo di testa	Marco Turati													1
Stagione 11/12	Serie B	Serie B	1	26/08/2011	T	Delfino Pescara 1936	(1.)	Hellas Verona	Verona  (4.)	01:02	P	13'	00:01	Colpo di testa	Damiano Zanon													1
Stagione 11/12	Serie B	Serie B	2	30/08/2011	C	Delfino Pescara 1936	(8.)	Empoli FC 	Empoli  (6.)	03:02	P	10'	01:00	Rigore		19'	02:00	Destro	Stefano Giacomelli									2
Stagione 11/12	Serie B	Serie B	3	04/09/2011	T	Delfino Pescara 1936	(2.)	Modena FC	Modena  (18.)	03:02	P	13'	00:01	Destro	Marco Verratti													1
Stagione 11/12	Serie B	Serie B	6	24/09/2011	T	Delfino Pescara 1936	(9.)	SS Juve Stabia	Juve Stabia   (22.)	03:02	P	72'	02:02	Rigore														1
Stagione 11/12	Serie B	Serie B	7	01/10/2011	C	Delfino Pescara 1936	(10.)	UC AlbinoLeffe	AlbinoLeffe  (11.)	05:03	P	50'	05:00	Tap-in	Lorenzo Insigne													1
Stagione 11/12	Serie B	Serie B	10	17/10/2011	T	Delfino Pescara 1936	(5.)	Brescia Calcio	Brescia  (4.)	00:03	P	38'	00:01	Destro		45'+3	00:02	Destro										2
Stagione 11/12	Serie B	Serie B	16	19/11/2011	C	Delfino Pescara 1936	(3.)	AS Gubbio 1910	Gubbio  (20.)	02:01	P	52'	02:01	Azione personale														1
Stagione 11/12	Serie B	Serie B	19	10/12/2011	T	Delfino Pescara 1936	(4.)	Torino FC	Torino  (1.)	04:02	P	48'	01:01	Destro	Emmanuel Cascione	90'+2	04:02	Destro										2
Stagione 11/12	Serie B	Serie B	21	06/01/2012	T	Delfino Pescara 1936	(4.)	ASG Nocerina	ASG Nocerina  (21.)	02:04	P	10'	01:02	Colpo di testa	Antonio Balzano	28'	01:03	Destro	Damiano Zanon									2
Stagione 11/12	Serie B	Serie B	22	16/01/2012	C	Delfino Pescara 1936	(4.)	Hellas Verona	Verona  (2.)	03:01	P	49'	02:01	Sinistro	Emmanuel Cascione	57'	03:01	Azione in contropiede	Lorenzo Insigne									2
Stagione 11/12	Serie B	Serie B	24	27/01/2012	C	Delfino Pescara 1936	(3.)	Modena FC	Modena  (16.)	03:01	P	11'	01:00	Colpo di testa	Antonio Balzano													1
Stagione 11/12	Serie B	Serie B	25	31/01/2012	T	Delfino Pescara 1936	(2.)	FC Crotone	Crotone  (16.)	01:02	P	48'	01:01	Tap-in														1
Stagione 11/12	Serie B	Serie B	28	18/02/2012	T	Delfino Pescara 1936	(1.)	UC AlbinoLeffe	AlbinoLeffe  (19.)	01:01	P	17'	00:01	Tap-in														1
Stagione 11/12	Serie B	Serie B	29	03/03/2012	C	Delfino Pescara 1936	(2.)	US Sassuolo	Sassuolo  (3.)	03:02	P	50'	01:01	Rigore		58'	02:01	Colpo di testa	Damiano Zanon									2
Stagione 11/12	Serie B	Serie B	27	06/03/2012	C	Delfino Pescara 1936	(1.)	SS Juve Stabia	Juve Stabia   (11.)	02:00	P	20'	01:00	Rigore														1
Stagione 11/12	Serie B	Serie B	31	19/03/2012	C	Delfino Pescara 1936	(1.)	Brescia Calcio	Brescia  (7.)	01:01	P	21'	01:01	Destro	Marco Verratti													1
Stagione 11/12	Serie B	Serie B	33	31/03/2012	C	Delfino Pescara 1936	(3.)	AS Bari	Bari  (11.)	01:02	P	8'	01:00	Destro	Lorenzo Insigne													1
Stagione 11/12	Serie B	Serie B	36	20/04/2012	T	Delfino Pescara 1936	(4.)	Calcio Padova	Padova  (5.)	00:06	P	38'	00:01	Rigore		83'	00:05	Destro	Marco Sansovini									2
Stagione 11/12	Serie B	Serie B	38	01/05/2012	C	Delfino Pescara 1936	(2.)	Vicenza Calcio	Vicenza  (19.)	06:00	P	67'	05:00	Destro	Lorenzo Insigne													1
Stagione 11/12	Serie B	Serie B	40	12/05/2012	C	Delfino Pescara 1936	(2.)	Torino FC	Torino  (1.)	02:00	P	46'	02:00	Colpo di testa	Damiano Zanon													1
Stagione 11/12	Serie B	Serie B	41	20/05/2012	T	Delfino Pescara 1936	(2.)	UC Sampdoria	Sampdoria  (6.)	01:03	P	29'	00:02	Destro														1
Stagione 12/13	Serie A	Serie A	1	26/08/2012	C	Genoa CFC	(17.)	Cagliari Calcio	Cagliari  (11.)	02:00	P	85'	02:00	Tiro dalla distanza	Juraj Kucka													1
Stagione 12/13	Serie A	Serie A	3	16/09/2012	C	Genoa CFC	(9.)	Juventus FC	Juventus  (1.)	01:03	P	18'	01:00	Destro	Andrea Bertolacci													1
Stagione 12/13	Serie A	Serie A	12	11/11/2012	C	Genoa CFC	(17.)	SSC Napoli	Napoli  (3.)	02:04	P	23'	01:00	Destro														1
Stagione 12/13	Serie A	Serie A	13	18/11/2012	T	Genoa CFC	(18.)	UC Sampdoria	Sampdoria  (17.)	03:01	P	73'	02:01	Destro	Juan Manuel Vargas													1
Stagione 12/13	Serie A	Serie A	18	22/12/2012	T	Genoa CFC	(19.)	Inter	Inter  (2.)	01:01	P	75'	00:01	Destro														1
Stagione 13/14	Coppa Italia	Coppa Italia	Turno 3	17/08/2013	C	Torino FC		Delfino Pescara 1936	Pescara	01:02	P	52'	01:01	Destro	Nicola Bellomo													1
Stagione 13/14	Serie A	Serie A	7	06/10/2013	T	Torino FC	(10.)	UC Sampdoria	Sampdoria  (19.)	02:02	P	66'	01:01	Destro														1
Stagione 13/14	Serie A	Serie A	8	20/10/2013	C	Torino FC	(9.)	Inter	Inter  (4.)	03:03	P	53'	02:01	Destro														1
Stagione 13/14	Serie A	Serie A	10	30/10/2013	T	Torino FC	(12.)	AS Livorno	Livorno  (15.)	03:03	P	4'	00:01	Sinistro	Alessio Cerci													1
Stagione 13/14	Serie A	Serie A	12	10/11/2013	T	Torino FC	(11.)	Cagliari Calcio	Cagliari  (15.)	02:01	P	52'	01:01	Sinistro	Omar El Kaddouri													1
Stagione 13/14	Serie A	Serie A	13	24/11/2013	C	Torino FC	(14.)	Calcio Catania	Catania  (19.)	04:01	P	10'	01:00	Destro														1
Stagione 13/14	Serie A	Serie A	16	15/12/2013	T	Torino FC	(7.)	Udinese Calcio	Udinese  (14.)	00:02	P	75'	00:02	Colpo di testa	Matteo Darmian													1
Stagione 13/14	Serie A	Serie A	17	22/12/2013	C	Torino FC	(7.)	AC Chievo Verona	Chievo  (16.)	04:01	P	45'+2	01:01	Destro	Alessio Cerci	65'	02:01	Tiro dalla distanza										2
Stagione 13/14	Serie A	Serie A	18	06/01/2014	T	Torino FC	(7.)	Parma FC	Parma  (8.)	03:01	P	21'	00:01	Destro	Matteo Darmian													1
Stagione 13/14	Serie A	Serie A	20	19/01/2014	T	Torino FC	(7.)	US Sassuolo	Sassuolo  (17.)	00:02	P	25'	00:01	Destro														1
Stagione 13/14	Serie A	Serie A	22	01/02/2014	T	Torino FC	(6.)	AC Milan	Milan  (9.)	01:01	P	17'	00:01	Azione personale	Emiliano Moretti													1
Stagione 13/14	Serie A	Serie A	23	09/02/2014	C	Torino FC	(7.)	Bologna FC	Bologna  (17.)	01:02	P	5'	01:00	Colpo di testa	Matteo Darmian													1
Stagione 13/14	Serie A	Serie A	24	17/02/2014	T	Torino FC	(7.)	Hellas Verona	Verona  (6.)	01:03	P	50'	01:01	Destro	Omar El Kaddouri													1
Stagione 13/14	Serie A	Serie A	29	22/03/2014	C	Torino FC	(10.)	AS Livorno	Livorno  (17.)	03:01	P	25'	01:00		Cesare Bovo	60'	02:00		Omar El Kaddouri	67'	03:00		Jasmin Kurtic					3
Stagione 13/14	Serie A	Serie A	30	25/03/2014	T	Torino FC	(10.)	AS Roma	Roma  (2.)	02:01	P	50'	01:01	Sinistro	Giuseppe Vives													1
Stagione 13/14	Serie A	Serie A	32	06/04/2014	T	Torino FC	(10.)	Calcio Catania	Catania  (20.)	01:02	P	83'	01:02	Sinistro	Riccardo Meggiorini													1
Stagione 13/14	Serie A	Serie A	33	13/04/2014	C	Torino FC	(10.)	Genoa CFC	Genoa  (13.)	02:01	P	90'+2	01:01	Destro	Omar El Kaddouri													1
Stagione 13/14	Serie A	Serie A	34	19/04/2014	T	Torino FC	(7.)	SS Lazio	Lazio  (9.)	03:03	P	89'	02:03	Destro	Barreto													1
Stagione 13/14	Serie A	Serie A	35	27/04/2014	C	Torino FC	(8.)	Udinese Calcio	Udinese  (14.)	02:00	P	56'	02:00	Azione in contropiede	Nikola Maksimovic													1
Stagione 13/14	Serie A	Serie A	37	11/05/2014	C	Torino FC	(6.)	Parma FC	Parma  (7.)	01:01	P	42'	01:00	Destro														1
Stagione 14/15	UEFA Champions League	Champions League	Fase a gironi	16/09/2014	C	Borussia Dortmund		FC Arsenal	FC Arsenal	02:00	P	45'	01:00	Azione personale	Kevin Groaykreutz													1
Stagione 14/15	Bundesliga	Bundesliga	5	24/09/2014	C	Borussia Dortmund	(10.)	VfB Stoccarda	VfB Stoccarda  (18.)	02:02	P	86'	02:02	Destro	Marcel Schmelzer													1
Stagione 14/15	UEFA Champions League	Champions League	Fase a gironi	01/10/2014	T	Borussia Dortmund		RSC Anderlecht	RSC Anderlecht	00:03	P	4'	00:01	Destro	Shinji Kagawa													1
Stagione 14/15	Bundesliga	Bundesliga	8	18/10/2014	T	Borussia Dortmund	(13.)	1.FC Colonia	Colonia  (14.)	02:01	P	48'	01:01	Destro	Marco Reus													1
Stagione 14/15	Coppa di Germania	Coppa DFB	Turno 2	28/10/2014	T	Borussia Dortmund		FC St. Pauli	FC St. Pauli	00:03	P	33'	00:01	Destro	Shinji Kagawa													1
Stagione 14/15	UEFA Champions League	Champions League	Fase a gironi	04/11/2014	C	Borussia Dortmund		Galatasaray	Galatasaray	04:01	P	74'	03:01	Destro	Pierre-Emerick Aubameyang													1
Stagione 14/15	UEFA Champions League	Champions League	Fase a gironi	09/12/2014	C	Borussia Dortmund		RSC Anderlecht	RSC Anderlecht	01:01	P	58'	01:00	Destro	Nuri Sahin													1
Stagione 14/15	Bundesliga	Bundesliga	16	17/12/2014	C	Borussia Dortmund	(16.)	VfL Wolfsburg	Wolfsburg  (2.)	02:02	P	76'	02:01	Destro	Oliver Kirch													1
Stagione 14/15	Coppa di Germania	Coppa DFB	Ottavi	03/03/2015	T	Borussia Dortmund		SG Dynamo Dresda	Dynamo Dresda	00:02	P	50'	00:01	Destro		90'	00:02	Destro	Jakub Blaszczykowski									2
Stagione 15/16	LaLiga	LaLiga	11	08/11/2015	C	Siviglia FC	(11.)	Real Madrid CF	Real Madrid  (1.)	03:02	P	36'	01:01	Destro	Yevgen Konoplyanka													1
Stagione 15/16	Coppa del Re	Coppa del Re	Turno 4	02/12/2015	T	Siviglia FC		UD Logrones	UD Logrones	00:03	P	57'	00:03	Sinistro														1
Stagione 15/16	Coppa del Re	Coppa del Re	Turno 4	15/12/2015	C	Siviglia FC		UD Logrones	UD Logrones	02:00	P	15'	01:00	Destro	Vicente Iborra													1
Stagione 15/16	LaLiga	LaLiga	17	30/12/2015	C	Siviglia FC	(8.)	RCD Espanyol Barcellona	Espanyol  (12.)	02:00	P	17'	01:00	Destro	Vitolo													1
Stagione 15/16	Serie A	Serie A	20	16/01/2016	C	Torino FC	(13.)	Frosinone Calcio	Frosinone  (18.)	04:02	P	8'	01:00	Rigore														1
Stagione 15/16	Serie A	Serie A	25	14/02/2016	T	Torino FC	(12.)	US CittÃ  di Palermo	Palermo  (15.)	01:03	P	19'	01:01	Rigore		69'	01:03	Sinistro	Marco Benassi									2
Stagione 15/16	Serie A	Serie A	29	13/03/2016	T	Torino FC	(12.)	Genoa CFC	Genoa  (14.)	03:02	P	4'	00:01		Andrea Belotti	15'	00:02		Afriyie Acquah									2
Stagione 16/17	Serie A	Serie A	1	21/08/2016	T	SS Lazio	(5.)	Atalanta	Atalanta  (4.)	03:04	P	15'	00:01	Destro	Sergej Milinkovic-Savic													1
Stagione 16/17	Serie A	Serie A	4	17/09/2016	C	SS Lazio	(10.)	Delfino Pescara 1936	Pescara  (8.)	03:00	P	76'	03:00	Destro	Keita Balde													1
Stagione 16/17	Serie A	Serie A	7	01/10/2016	T	SS Lazio	(6.)	Udinese Calcio	Udinese  (14.)	00:03	P	28'	00:01	Colpo di testa	Sergej Milinkovic-Savic	61'	00:03	Destro	Senad Lulic									2
Stagione 16/17	Serie A	Serie A	8	16/10/2016	C	SS Lazio	(5.)	Bologna FC	Bologna  (11.)	01:01	P	90'+7	01:01	Rigore														1
Stagione 16/17	Serie A	Serie A	9	23/10/2016	T	SS Lazio	(7.)	Torino FC	Torino  (5.)	02:02	P	71'	01:01	Destro	Felipe Anderson													1
Stagione 16/17	Serie A	Serie A	10	26/10/2016	C	SS Lazio	(6.)	Cagliari Calcio	Cagliari  (11.)	04:01	P	23'	02:00	Rigore		28'	03:00	Destro										2
Stagione 16/17	Serie A	Serie A	11	30/10/2016	C	SS Lazio	(5.)	US Sassuolo	Sassuolo  (14.)	02:01	P	55'	02:00	Destro	Stefan Radu													1
Stagione 16/17	Serie A	Serie A	19	08/01/2017	C	SS Lazio	(5.)	FC Crotone	Crotone  (20.)	01:00	P	90'	01:00	Destro														1
Stagione 16/17	Serie A	Serie A	20	15/01/2017	C	SS Lazio	(5.)	Atalanta	Atalanta  (6.)	02:01	P	68'	02:01	Rigore														1
Stagione 16/17	Coppa Italia	Coppa Italia	Ottavi	18/01/2017	C	SS Lazio		Genoa CFC	Genoa	04:02	P	75'	04:02	Destro	Jordan Lukaku													1
Stagione 16/17	Serie A	Serie A	23	05/02/2017	T	SS Lazio	(5.)	Delfino Pescara 1936	Pescara  (20.)	02:06	P	69'	02:05	Sinistro	Stefan de Vrij													1
Stagione 16/17	Serie A	Serie A	25	18/02/2017	T	SS Lazio	(6.)	Empoli FC 	Empoli  (17.)	01:02	P	68'	01:01	Destro														1
Stagione 16/17	Serie A	Serie A	26	26/02/2017	C	SS Lazio	(6.)	Udinese Calcio	Udinese  (13.)	01:00	P	73'	01:00	Rigore														1
Stagione 16/17	Coppa Italia	Coppa Italia	Semifinale	01/03/2017	C	SS Lazio		AS Roma	Roma	02:00	P	78'	02:00	Destro	Keita Balde													1
Stagione 16/17	Serie A	Serie A	27	05/03/2017	T	SS Lazio	(5.)	Bologna FC	Bologna  (15.)	00:02	P	9'	00:01	Colpo di testa	Senad Lulic	75'	00:02	Destro	Sergej Milinkovic-Savic									2
Stagione 16/17	Serie A	Serie A	28	13/03/2017	C	SS Lazio	(4.)	Torino FC	Torino  (9.)	03:01	P	56'	01:00	Destro														1
Stagione 16/17	Serie A	Serie A	30	01/04/2017	T	SS Lazio	(4.)	US Sassuolo	Sassuolo  (15.)	01:02	P	42'	01:01	Sinistro	Felipe Anderson													1
Stagione 16/17	Coppa Italia	Coppa Italia	Semifinale	04/04/2017	T	SS Lazio		AS Roma	Roma	03:02	P	56'	01:02	Destro	Sergej Milinkovic-Savic													1
Stagione 16/17	Serie A	Serie A	33	23/04/2017	C	SS Lazio	(4.)	US Citta  di Palermo	Palermo  (19.)	06:02	P	8'	01:00	Colpo di testa	Stefan de Vrij	10'	02:00	Destro	Sergej Milinkovic-Savic									2
Stagione 16/17	Serie A	Serie A	35	07/05/2017	C	SS Lazio	(4.)	UC Sampdoria	Sampdoria  (10.)	07:03	P	19'	02:00	Rigore		70'	07:01	Destro	Keita Balde									2
Stagione 16/17	Serie A	Serie A	38	28/05/2017	T	SS Lazio	(4.)	FC Crotone	Crotone  (18.)	03:01	P	26'	02:01	Rigore														1
Stagione 17/18	Supercoppa Italiana	Supercoppa Italiana	Finale	13/08/2017	T	SS Lazio		Juventus FC	Juventus	02:03	P	32'	00:01	Rigore		54'	00:02	Colpo di testa	Marco Parolo									1
Stagione 17/18	Serie A	Serie A	2	27/08/2017	T	SS Lazio	(11.)	AC Chievo Verona	Chievo  (5.)	01:02	P	11'	00:01	Colpo di testa	Luis Alberto													1
Stagione 17/18	Serie A	Serie A	3	10/09/2017	C	SS Lazio	(8.)	AC Milan	Milan  (4.)	04:01	P	38'	01:00	Rigore		42'	02:00	Destro	Senad Lulic 	48'	03:00	Sinistro	Marco Parolo					3
Stagione 17/18	Europa League	Europa League	Fase a gironi	14/09/2017	T	SS Lazio		Vitesse Arnhem	Vitesse	02:03	P	67'	02:02	Destro	Felipe Caicedo													1
Stagione 17/18	Serie A	Serie A	4	17/09/2017	T	SS Lazio	(4.)	Genoa CFC	Genoa  (16.)	02:03	P	70'	01:02	Destro	Jordan Lukaku	82'	02:03	Destro										2
Stagione 17/18	Serie A	Serie A	6	24/09/2017	T	SS Lazio	(7.)	Hellas Verona	Verona  (18.)	00:03	P	24'	00:01	Rigore		41'	00:02	Destro										2
Stagione 17/18	Europa League	Europa League	Fase a gironi	28/09/2017	C	SS Lazio		SV Zulte Waregem	Zulte Waregem	02:00	P	90'	02:00	Destro	Alessandro Murgia													1
Stagione 17/18	Serie A	Serie A	7	01/10/2017	C	SS Lazio	(5.)	US Sassuolo	Sassuolo  (15.)	06:01	P	81'	06:01	Rigore														1
Stagione 17/18	Serie A	Serie A	8	14/10/2017	T	SS Lazio	(4.)	Juventus FC	Juventus  (2.)	01:02	P	47'	01:01	Destro	Luis Alberto	54'	01:02	Rigore										2
Stagione 17/18	Serie A	Serie A	9	22/10/2017	C	SS Lazio	(3.)	Cagliari Calcio	Cagliari  (14.)	03:00	P	7'	01:00	Rigore		41'	02:00	Colpo di testa	Adam Marusic									2
Stagione 17/18	Serie A	Serie A	11	29/10/2017	T	SS Lazio	(3.)	Benevento Calcio	Benevento  (20.)	01:05	P	13'	00:02	Destro	Sergej Milinkovic-Savic													1
Stagione 17/18	Serie A	Serie A	13	18/11/2017	T	SS Lazio	(2.)	AS Roma	Roma  (5.)	02:01	P	72'	02:01	Rigore														1
Stagione 17/18	Coppa Italia	Coppa Italia	Ottavi	14/12/2017	C	SS Lazio		AS Cittadella	Cittadella	04:01	P	11'	01:00	Sinistro	Sergej Milinkovic-Savic	87'	04:01	Destro	Lucas Leiva									2
Stagione 17/18	Serie A	Serie A	18	23/12/2017	C	SS Lazio	(5.)	FC Crotone	Crotone  (16.)	04:00	P	78'	02:00	Colpo di testa	Senad Lulic													1
Stagione 17/18	Serie A	Serie A	20	06/01/2018	T	SS Lazio	(5.)	SPAL 2013	SPAL  (18.)	02:05	P	19'	01:02	Sinistro	Luis Alberto	26'	01:03	Destro	Sergej Milinkovic-Savic	41'	02:04	Colpo di testa	Dusan Basta 	51'	02:05	Destro	Stefan Radu	4
Stagione 17/18	Serie A	Serie A	25	19/02/2018	C	SS Lazio	(5.)	Hellas Verona	Verona  (19.)	02:00	P	55'	01:00	Destro	Luis Alberto	60'	02:00	Colpo di testa	Senad Lulic									2
Stagione 17/18	Europa League	Europa League	Turno intermedio	22/02/2018	C	SS Lazio		FCSB	FCSB	05:01	P	7'	01:00	Destro	Senad Lulic	43'	03:00	Destro	Felipe Anderson 	71'	05:00	Sinistro	Felipe Anderson					3
Stagione 17/18	Serie A	Serie A	26	25/02/2018	T	SS Lazio	(4.)	US Sassuolo	Sassuolo  (16.)	00:03	P 	31'	00:02	Rigore														1
Stagione 17/18	Europa League	Europa League	Ottavi	08/03/2018	C	SS Lazio		Dinamo Kiev	Dinamo Kiev	02:02	P	54'	01:01	Destro	Felipe Anderson													1
Stagione 17/18	Serie A	Serie A	28	11/03/2018	T	SS Lazio	(4.)	Cagliari Calcio	Cagliari  (15.)	02:02	P	90'+5	02:02	Destro	Felipe Anderson													1
Stagione 17/18	Serie A	Serie A	30	31/03/2018	C	SS Lazio	(5.)	Benevento Calcio	Benevento  (20.)	06:02	P	19'	01:00	Destro	Felipe Anderson	68'	04:02	Destro										2
Stagione 17/18	Europa League	Europa League	Quarti	05/04/2018	C	SS Lazio		Red Bull Salisburgo	RB Salisburgo	04:02	P	77'	04:02	Destro	Lucas Leiva													1
Stagione 17/18	Serie A	Serie A	31	08/04/2018	T	SS Lazio	(5.)	Udinese Calcio	Udinese  (13.)	01:02	P	26'	01:01	Destro														1
Stagione 17/18	Europa League	Europa League	Quarti	12/04/2018	T	SS Lazio		Red Bull Salisburgo	RB Salisburgo	04:01	P	55'	00:01	Destro	Luis Alberto													1
Stagione 17/18	Serie A	Serie A	34	22/04/2018	C	SS Lazio	(4.)	UC Sampdoria	Sampdoria  (8.)	04:00	P	85'	03:00	Destro	Sergej Milinkovic-Savic	88'	04:00	Destro	Nani									2
Stagione 18/19	Serie A	Serie A	1	18/08/2018	C	SS Lazio	(8.)	SSC Napoli	Napoli  (2.)	01:02	P	25'	01:00	Sinistro														1
Stagione 18/19	Europa League	Europa League	Fase a gironi	20/09/2018	C	SS Lazio		Apollon Limassol	Apol. Limassol	02:01		83'	02:00	Rigore														1
Stagione 18/19	Serie A	Serie A	5	23/09/2018	C	SS Lazio	(9.)	Genoa CFC	Genoa  (8.)	04:01	P	23'	02:00	Sinistro	Marco Parolo	89'	04:01	Tap-in										2
Stagione 18/19	Serie A	Serie A	7	29/09/2018	T	SS Lazio	(4.)	AS Roma	Roma  (10.)	03:01	P	67'	01:01	Destro														1
Stagione 18/19	Serie A	Serie A	8	07/10/2018	C	SS Lazio	(6.)	ACF Fiorentina	Fiorentina  (5.)	01:00	P	37'	01:00	Destro	Stefan Radu													1
Stagione 18/19	Serie A	Serie A	9	21/10/2018	T	SS Lazio	(5.)	Parma Calcio 1913	Parma  (10.)	00:02	P	81'	00:01	Rigore														1
Stagione 18/19	Serie A	Serie A	11	04/11/2018	C	SS Lazio	(5.)	SPAL	SPAL  (14.)	04:01	P	26'	01:00	Destro	Danilo Cataldi	35'	02:01	Tiro deviato	Felipe Caicedo									2
Stagione 18/19	Serie A	Serie A	14	02/12/2018	T	SS Lazio	(4.)	AC Chievo Verona	Chievo  (20.)	01:01	P	66'	01:01	Destro	Joaquin Correa													1
Stagione 18/19	Serie A	Serie A	15	08/12/2018	C	SS Lazio	(5.)	UC Sampdoria	Sampdoria  (10.)	02:02	P	90'+6	02:01	Rigore														1
Stagione 18/19	Coppa Italia	Coppa Italia	Ottavi	12/01/2019	C	SS Lazio		Novara Calcio	Novara	04:01	P 	20'	02:00	Ribatutta dopo rigore		35'	03:00	Destro	Jordan Lukaku									2
Stagione 18/19	Serie A	Serie A	20	20/01/2019	T	SS Lazio	(4.)	SSC Napoli	Napoli  (2.)	02:01	P	65'	02:01	Destro	Joaquin Correa													1
Stagione 18/19	Coppa Italia	Coppa Italia	Quarti	31/01/2019	T	SS Lazio		Inter	Inter	4:5 d.c.r.	P	108'	00:01	Tiro deviato	Felipe Caicedo													1
Stagione 18/19	Serie A	Serie A	26	02/03/2019	C	SS Lazio	(6.)	AS Roma	Roma  (5.)	03:00	P	73'	02:00	Rigore														1
Stagione 18/19	Serie A	Serie A	27	10/03/2019	T	SS Lazio	(5.)	ACF Fiorentina	Fiorentina  (10.)	01:01	P	23'	00:01	Destro	Joaquin Correa													1
Stagione 18/19	Serie A	Serie A	31	07/04/2019	C	SS Lazio	(6.)	US Sassuolo	Sassuolo  (11.)	02:02	P	53'	01:00	Rigore														1
Stagione 18/19	Serie A	Serie A	38	26/05/2019	T	SS Lazio	(8.)	Torino FC	Torino  (7.)	03:01	P	66'	02:01	Destro	Marco Parolo													1
Stagione 19/20	Serie A	Serie A	1	25/08/2019	T	SS Lazio	(4.)	UC Sampdoria	Sampdoria  (15.)	00:03	P	37'	00:01	Sinistro	Luis Alberto	62'	00:03	Destro	Sergej Milinkovic-Savic									2
Stagione 19/20	Serie A	Serie A	3	15/09/2019	T	SS Lazio	(4.)	SPAL	SPAL  (17.)	02:01	P	17'	00:01	Rigore														1
Stagione 19/20	Serie A	Serie A	4	22/09/2019	C	SS Lazio	(9.)	Parma Calcio 1913	Parma  (17.)	02:00	P	8'	01:00	Sinistro	Luis Alberto													1
Stagione 19/20	Serie A	Serie A	6	29/09/2019	C	SS Lazio	(9.)	Genoa CFC	Genoa  (16.)	04:00	P	82'	04:00	Destro	Luiz Felipe													1
Stagione 19/20	Europa League	Europa League	Fase a gironi	03/10/2019	C	SS Lazio		Stade Rennais FC	Rennes	02:01	P	75'	02:01	Colpo di testa	Sergej Milinkovic-Savic													1
Stagione 19/20	Serie A	Serie A	7	06/10/2019	T	SS Lazio	(6.)	Bologna FC	Bologna  (11.)	02:02	P	23'	01:01	Destro	Senad Lulic	39'	02:02	Sinistro	Luis Alberto									2
Stagione 19/20	Serie A	Serie A	8	19/10/2019	C	SS Lazio	(6.)	Atalanta	Atalanta  (3.)	03:03	P	69'	01:03	Rigore		90'+3	03:03	Rigore										2
Stagione 19/20	Serie A	Serie A	9	27/10/2019	T	SS Lazio	(8.)	ACF Fiorentina	Fiorentina  (7.)	01:02	P	89'	01:02	Colpo di testa	Jordan Lukaku													1
Stagione 19/20	Serie A	Serie A	10	30/10/2019	C	SS Lazio	(6.)	Torino FC	Torino  (12.)	04:00	P	33'	02:00	Destro	Luis Alberto	70'	03:00	Rigore										1
Stagione 19/20	Serie A	Serie A	11	03/11/2019	T	SS Lazio	(5.)	AC Milan	Milan  (10.)	01:02	P	25'	00:01	Colpo di testa	Manuel Lazzari													1
Stagione 19/20	Europa League	Europa League	Fase a gironi	07/11/2019	C	SS Lazio		Celtic Glasgow	Celtic Glasgow	01:02	P	7'	01:00	Destro	Felipe Caicedo													1
Stagione 19/20	Serie A	Serie A	12	10/11/2019	C	SS Lazio	(5.)	US Lecce	Lecce  (16.)	04:02	P	77'	03:01	Rigore														1
Stagione 19/20	Serie A	Serie A	13	24/11/2019	T	SS Lazio	(3.)	US Sassuolo	Sassuolo  (10.)	01:02	P	34'	00:01	Destro	Joaquin Correa													1
Stagione 19/20	Serie A	Serie A	14	01/12/2019	C	SS Lazio	(3.)	Udinese Calcio	Udinese  (12.)	03:00	P	9'	01:00	Sinistro	Sergej Milinkovic-Savic	36'	02:00	Rigore										2
Stagione 19/20	Serie A	Serie A	18	05/01/2020	T	SS Lazio	(3.)	Brescia Calcio	Brescia  (18.)	01:02	P	42'	01:01	Rigore		90'+1	01:02	Destro	Felipe Caicedo									2
Stagione 19/20	Serie A	Serie A	19	11/01/2020	C	SS Lazio	(3.)	SSC Napoli	Napoli  (8.)	01:00	P	82'	01:00	Destro														1
Stagione 19/20	Coppa Italia	Coppa Italia	Ottavi	14/01/2020	C	SS Lazio		US Cremonese	Cremonese	04:00	P	58'	03:00	Rigore														1
Stagione 19/20	Serie A	Serie A	20	18/01/2020	C	SS Lazio	(3.)	UC Sampdoria	Sampdoria  (16.)	05:01	P 	17'	02:00	Rigore		20'	03:00	Destro	Francesco Acerbi    	65'	05:00	Rigore						3
Stagione 19/20	Serie A	Serie A	22	02/02/2020	C	SS Lazio	(3.)	SPAL	SPAL  (20.)	05:01	P	3'	01:00	Destro	Senad Lulic	29'	03:00	Destro	Manuel Lazzari									2
Stagione 19/20	Serie A	Serie A	24	16/02/2020	C	SS Lazio	(3.)	Inter	Inter  (2.)	02:01	P 	50'	01:01	Rigore														1
Stagione 19/20	Serie A	Serie A	25	23/02/2020	T	SS Lazio	(2.)	Genoa CFC	Genoa  (18.)	02:03	P 	51'	00:02	Destro														1
Stagione 19/20	Serie A	Serie A	28	27/06/2020	C	SS Lazio	(2.)	ACF Fiorentina	Fiorentina  (14.)	02:01	P	67'	01:01	Rigore														1
Stagione 19/20	Serie A	Serie A	29	30/06/2020	T	SS Lazio	(2.)	Torino FC	Torino  (13.)	01:02	P	48'	01:01	Sinistro	Luis Alberto													1
Stagione 19/20	Serie A	Serie A	34	20/07/2020	T	SS Lazio	(4.)	Juventus FC	Juventus  (1.)	02:01	P	83'	02:01	Rigore														1
Stagione 19/20	Serie A	Serie A	35	23/07/2020	C	SS Lazio	(4.)	Cagliari Calcio	Cagliari  (11.)	02:01	P	60'	02:01	Sinistro	Luis Alberto													1
Stagione 19/20	Serie A	Serie A	36	26/07/2020	T	SS Lazio	(4.)	Hellas Verona	Verona  (9.)	01:05	P	45'+6	01:01	Rigore		83'	01:04	Azione in contropiede	Jordan Lukaku   	90'+4	01:05	Rigore						3
Stagione 19/20	Serie A	Serie A	37	29/07/2020	C	SS Lazio	(4.)	Brescia Calcio	Brescia  (19.)	02:00	P	82'	02:00	Destro	Joaquin Correa													1
Stagione 19/20	Serie A	Serie A	38	01/08/2020	T	SS Lazio	(4.)	SSC Napoli	Napoli  (7.)	03:01	P	22'	01:01	Destro	Adam Marusic													1
Stagione 20/21	Serie A	Serie A	2	26/09/2020	T	SS Lazio	(18.)	Cagliari Calcio	Cagliari  (10.)	00:02	P 	74'	00:02	Destro	Adam Marusic													1
Stagione 20/21	UEFA Champions League	Champions League	Fase a gironi	20/10/2020	C	SS Lazio		Borussia Dortmund	Dortmund	03:01	P 	6'	01:00	Sinistro	Joaquin Correa													1
Stagione 20/21	Serie A	Serie A	5	24/10/2020	C	SS Lazio	(12.)	Bologna FC	Bologna  (17.)	02:01	P 	76'	02:00	Colpo di testa	Mohamed Fares													1
Stagione 20/21	Serie A	Serie A	6	01/11/2020	T	SS Lazio	(11.)	Torino FC	Torino  (16.)	03:04	P	90'+5	03:03	Rigore														1
Stagione 20/21	Serie A	Serie A	8	21/11/2020	T	SS Lazio	(9.)	FC Crotone	Crotone  (20.)	00:02	P	21'	00:01	Colpo di testa	Marco Parolo													1
Stagione 20/21	UEFA Champions League	Champions League	Fase a gironi	24/11/2020	C	SS Lazio		Zenit San Pietroburgo	Zenit	03:01	P	3'	01:00	Destro	Lucas Leiva	55'	03:01	Rigore										2
Stagione 20/21	Serie A	Serie A	9	29/11/2020	C	SS Lazio	(8.)	Udinese Calcio	Udinese  (16.)	01:03	P	74'	01:03	Rigore														1
Stagione 20/21	UEFA Champions League	Champions League	Fase a gironi	02/12/2020	T	SS Lazio		Borussia Dortmund	Dortmund	01:01	P 	67'	01:01	Rigore														1
Stagione 20/21	Serie A	Serie A	10	05/12/2020	T	SS Lazio	(9.)	Spezia Calcio	Spezia  (13.)	01:02	P 	15'	00:01	Destro	Sergej Milinkovic-Savic													1
Stagione 20/21	UEFA Champions League	Champions League	Fase a gironi	08/12/2020	C	SS Lazio		Club Bruges	Club Bruges	02:02	P 	27'	02:01	Rigore														1
Stagione 20/21	Serie A	Serie A	12	15/12/2020	T	SS Lazio	(9.)	Benevento Calcio	Benevento  (13.)	01:01	P 	25'	00:01	Destro	Sergej Milinkovic-Savic													1
Stagione 20/21	Serie A	Serie A	13	20/12/2020	C	SS Lazio	(9.)	SSC Napoli	Napoli  (4.)	02:00	P 	9'	01:00	Colpo di testa	Adam Marusic													1
Stagione 20/21	Serie A	Serie A	14	23/12/2020	T	SS Lazio	(8.)	AC Milan	Milan  (1.)	03:02	P 	59'	02:02	Sinistro	Sergej Milinkovic-Savic													1
Stagione 20/21	Serie A	Serie A	15	03/01/2021	T	SS Lazio	(8.)	Genoa CFC	Genoa  (18.)	01:01	P 	15'	00:01	Rigore														1
Stagione 20/21	Serie A	Serie A	16	06/01/2021	C	SS Lazio	(9.)	ACF Fiorentina	Fiorentina  (14.)	02:01	P 	75'	02:00	Destro														1
Stagione 20/21	Serie A	Serie A	18	15/01/2021	C	SS Lazio	(8.)	AS Roma	Roma  (4.)	03:00	P 	14'	01:00	Destro	Manuel Lazzari													1
Stagione 20/21	Serie A	Serie A	19	24/01/2021	C	SS Lazio	(7.)	US Sassuolo	Sassuolo  (8.)	02:01	P 	71'	02:01	Sinistro	Adam Marusic													1
Stagione 20/21	Serie A	Serie A	21	07/02/2021	C	SS Lazio	(5.)	Cagliari Calcio	Cagliari  (17.)	01:00	P 	61'	01:00	Sinistro	Sergej Milinkovic-Savic													1
Stagione 20/21	Serie A	Serie A	31	18/04/2021	C	SS Lazio	(6.)	Benevento Calcio	Benevento  (16.)	05:03	P 	20'	02:00	Destro	Sergej Milinkovic-Savic	90'+6	05:03	Tap-in	Marco Parolo									2
Stagione 20/21	Serie A	Serie A	32	22/04/2021	T	SS Lazio	(6.)	SSC Napoli	Napoli  (5.)	05:02	P 	70'	04:01	Destro	Andreas Pereira													1
Stagione 20/21	Serie A	Serie A	33	26/04/2021	C	SS Lazio	(6.)	AC Milan	Milan  (2.)	03:00	P	87'	03:00	Destro	Manuel Lazzari													1
Stagione 20/21	Serie A	Serie A	34	02/05/2021	C	SS Lazio	(6.)	Genoa CFC	Genoa  (13.)	04:03	P	43'	02:00	Rigore														1
Stagione 20/21	Serie A	Serie A	36	12/05/2021	C	SS Lazio	(6.)	Parma Calcio 1913	Parma  (19.)	01:00	P	90'+5	01:00	Destro														1
Stagione 21/22	Serie A	Serie A	1	21/08/2021	T	SS Lazio	(5.)	Empoli FC	Empoli  (14.)	01:03	P 	41'	01:03	Rigore														1
Stagione 21/22	Serie A	Serie A	2	28/08/2021	C	SS Lazio	(3.)	Spezia Calcio	Spezia  (11.)	06:01	P 	5'	01:01	Destro	Pedro	15'	02:01	Destro	Luis Alberto    	45'+2	03:01	Colpo di testa	Luis Alberto					3
Stagione 21/22	Serie A	Serie A	4	19/09/2021	C	SS Lazio	(7.)	Cagliari Calcio	Cagliari  (16.)	02:02	P 	45'	01:00	Colpo di testa	Sergej Milinkovic-Savic													1
Stagione 21/22	Serie A	Serie A	5	23/09/2021	T	SS Lazio	(8.)	Torino FC	Torino  (10.)	01:01	P 	90'+1	01:01	Rigore														1
Stagione 21/22	Serie A	Serie A	8	16/10/2021	C	SS Lazio	(9.)	Inter	Inter  (3.)	03:01	P 	64'	01:01	Rigore														1
Stagione 21/22	Serie A	Serie A	9	24/10/2021	T	SS Lazio	(5.)	Hellas Verona	Verona  (15.)	04:01	P 	46'	02:01	Destro	Sergej Milinkovic-Savic													1
Stagione 21/22	Serie A	Serie A	11	30/10/2021	T	SS Lazio	(6.)	Atalanta	Atalanta  (5.)	02:02	P 	74'	01:02	Destro	Toma Basic													1
Stagione 21/22	Europa League	Europa League	Fase a gironi	04/11/2021	T	SS Lazio		Olympique Marsiglia	Marsiglia	02:02	P 	49'	01:02	Destro														1
Stagione 21/22	Serie A	Serie A	12	07/11/2021	C	SS Lazio	(6.)	US Salernitana 1919	Salernitana  (19.)	03:00	P 	31'	01:00	Colpo di testa	Pedro													1
Stagione 21/22	Europa League	Europa League	Fase a gironi	25/11/2021	T	SS Lazio		Lokomotiv Mosca	Loko Mosca	00:03	P 	56'	00:01	Rigore		63'	00:02	Rigore										2
Stagione 21/22	Serie A	Serie A	15	02/12/2021	C	SS Lazio	(8.)	Udinese Calcio	Udinese  (14.)	04:04	P 	34'	01:02	Tap-in														1
Stagione 21/22	Serie A	Serie A	16	05/12/2021	T	SS Lazio	(9.)	UC Sampdoria	Sampdoria  (15.)	01:03	P 	17'	00:02	Sinistro	Mattia Zaccagni	37'	00:03	Destro	Sergej Milinkovic-Savic									2
Stagione 21/22	Serie A	Serie A	20	06/01/2022	C	SS Lazio	(8.)	Empoli FC	Empoli  (9.)	03:03	P 	14'	01:02	Colpo di testa	Sergej Milinkovic-Savic													1
Stagione 21/22	Serie A	Serie A	21	09/01/2022	T	SS Lazio	(6.)	Inter	Inter  (1.)	02:01	P 	35'	01:01	Destro	Danilo Cataldi													1
Stagione 21/22	Serie A	Serie A	22	15/01/2022	T	SS Lazio	(6.)	US Salernitana 1919	Salernitana  (17.)	00:03	P 	7'	00:01	Sinistro	Sergej Milinkovic-Savic	10'	00:02	Sinistro	Pedro									2
Stagione 21/22	Coppa Italia	Coppa Italia	Ottavi	18/01/2022	C	SS Lazio		Udinese Calcio	Udinese	1:0 d.t.s.	P	106'	01:00	Sinistro	Danilo Cataldi													1
Stagione 21/22	Serie A	Serie A	24	05/02/2022	T	SS Lazio	(7.)	ACF Fiorentina	Fiorentina  (8.)	00:03	P 	70'	00:02	Destro	Patric													1
Stagione 21/22	Serie A	Serie A	25	12/02/2022	C	SS Lazio	(6.)	Bologna FC	Bologna  (11.)	03:00	P 	13'	01:00	Rigore														1
Stagione 21/22	Europa League	Europa League	Turno intermedio	24/02/2022	C	SS Lazio		FC Porto	FC Porto	02:02	P 	19'	01:00	Azione in contropiede	Sergej Milinkovic-Savic													1
Stagione 21/22	Serie A	Serie A	28	05/03/2022	T	SS Lazio	(7.)	Cagliari Calcio	Cagliari  (17.)	00:03	P 	19'	00:01	Rigore														1
Stagione 21/22	Serie A	Serie A	29	14/03/2022	C	SS Lazio	(7.)	Venezia FC	Venezia  (18.)	01:00	P 	58'	01:00	Rigore														1
Stagione 21/22	Serie A	Serie A	32	10/04/2022	T	SS Lazio	(7.)	Genoa CFC	Genoa  (19.)	01:04	P 	45'+1	00:02	Destro	Manuel Lazzari	63'	00:03	Colpo di testa		76'	01:04	Destro						3
Stagione 21/22	Serie A	Serie A	33	16/04/2022	C	SS Lazio	(6.)	Torino FC	Torino  (11.)	01:01	P 	90'+2	01:01	Colpo di testa	Sergej Milinkovic-Savic													1
Stagione 21/22	Serie A	Serie A	34	24/04/2022	C	SS Lazio	(6.)	AC Milan	Milan  (1.)	01:02	P 	4'	01:00	Sinistro	Sergej Milinkovic-Savic													1
Stagione 21/22	Serie A	Serie A	35	30/04/2022	T	SS Lazio	(6.)	Spezia Calcio	Spezia  (15.)	03:04	P 	33'	01:01	Rigore														1
Stagione 22/23	Serie A	Serie A	1	14/08/2022	C	SS Lazio	(2.)	Bologna FC	Bologna  (9.)	02:01	P 	79'	02:01	Sinistro	Sergej Milinkovic-Savic													1
Stagione 22/23	Serie A	Serie A	4	31/08/2022	T	SS Lazio	(2.)	UC Sampdoria	Sampdoria  (17.)	01:01	P 	21'	00:01	Destro	Sergej Milinkovic-Savic													1
Stagione 22/23	Serie A	Serie A	6	11/09/2022	C	SS Lazio	(8.)	Hellas Verona	Verona  (12.)	02:00	P 	68'	01:00	Colpo di testa	Sergej Milinkovic-Savic													1
Stagione 22/23	Serie A	Serie A	7	18/09/2022	T	SS Lazio	(7.)	US Cremonese	Cremonese  (17.)	00:04	P 	7'	00:01	Sinistro	Sergej Milinkovic-Savic	21'	00:02	Rigore										2
Stagione 22/23	Serie A	Serie A	9	10/10/2022	T	SS Lazio	(4.)	ACF Fiorentina	Fiorentina  (10.)	00:04	P 	90'+1	00:04	Destro	Sergej Milinkovic-Savic													1
Stagione 22/23	Europa League	Europa League	Fase a gironi	13/10/2022	C	SS Lazio		SK Sturm Graz	Sturm Graz	02:02	P 	45'	01:00	Rigore														1
Stagione 22/23	Serie A	Serie A	16	04/01/2023	T	SS Lazio	(3.)	US Lecce	Lecce  (16.)	02:01	P 	14'	00:01	Destro	Nicolo Casale													1
Stagione 22/23	UEFA Europa Conference League	Conference League	Turno intermedio	16/02/2023	C	SS Lazio		CFR Cluj	CFR Cluj	01:00	P 	45'+4	01:00	Destro	Felipe Anderson													1
Stagione 22/23	Serie A	Serie A	23	19/02/2023	T	SS Lazio	(6.)	US Salernitana 1919	Salernitana  (16.)	00:02	P 	60'	00:01	Sinistro	Adam Marusic	69'	00:02	Rigore										2
Stagione 22/23	Serie A	Serie A	30	14/04/2023	T	SS Lazio	(2.)	Spezia Calcio	Spezia  (17.)	00:03	P 	36'	00:01	Rigore														1
Stagione 22/23	Serie A	Serie A	35	12/05/2023	C	SS Lazio	(2.)	US Lecce	Lecce  (16.)	02:02	P 	34'	01:00	Sinistro	Luis Alberto													1
Stagione 22/23	Serie A	Serie A	36	21/05/2023	T	SS Lazio	(3.)	Udinese Calcio	Udinese  (12.)	00:01	P 	61'	00:01	Rigore														1
